production_country_id,movie_id
0,19995
1,19995
0,285
1,206647
0,206647
0,49026
0,49529
0,559
0,38757
0,99861
1,767
0,767
0,209112
0,1452
1,10764
0,10764
2,58
0,58
3,58
4,58
0,57201
1,49521
0,49521
5,2454
6,2454
7,2454
0,2454
0,24428
0,1865
0,41154
8,122917
0,122917
0,1930
1,20662
0,20662
8,57158
0,57158
1,2268
0,2268
8,254
0,254
9,254
0,597
0,271110
0,44833
0,135397
1,37724
0,37724
0,558
10,68721
0,68721
0,12155
11,36668
1,36668
0,36668
0,62211
0,8373
0,91314
0,68728
0,102382
0,20526
0,49013
0,44912
0,10193
9,534
12,534
1,534
0,534
13,168259
0,168259
0,72190
14,72190
1,127585
0,127585
0,54138
0,81005
0,64682
15,64682
0,9543
0,68726
11,68726
0,38356
0,217
0,105864
0,62177
0,188927
0,10681
0,5174
11,14161
0,14161
0,17979
0,76757
11,258489
1,258489
0,258489
1,411
0,411
0,246655
1,155
0,155
0,14160
0,15512
0,1726
16,44826
0,44826
1,44826
0,8487
9,1735
0,1735
0,297761
0,2698
15,137113
0,137113
0,9804
5,14869
0,14869
0,150540
1,278927
0,278927
0,10138
0,58595
0,102651
0,119450
15,79698
17,79698
18,79698
0,64686
0,100402
0,10192
0,158852
0,177572
0,82690
0,5255
0,47933
0,10191
9,296
1,296
0,296
1,118340
0,118340
11,157336
0,157336
1,157336
1,27205
0,27205
13,315011
8,49051
0,49051
9,9799
0,9799
0,4922
0,49538
9,131634
0,131634
0,27022
0,503
1,241259
0,241259
0,810
11,68735
10,68735
13,68735
0,68735
0,87101
0,10140
0,676
0,1858
16,1966
9,1966
12,1966
19,1966
1,1966
0,1966
1,675
0,675
1,674
0,674
0,8960
0,6479
15,118
1,118
0,118
0,2062
1,272
0,272
0,10527
0,18360
11,18360
0,2080
0,605
15,605
0,109445
15,604
0,604
0,76338
15,76341
0,76341
12,13448
0,13448
0,10195
0,13053
0,19585
20,57165
0,57165
15,62213
0,62213
10,177677
0,177677
0,7978
0,5559
0,49444
0,10196
10,956
9,956
0,956
0,117251
0,50321
1,11619
0,11619
0,266647
0,82703
0,652
14,652
1,652
0,80321
1,36669
0,36669
0,43074
0,95
0,608
0,2310
10,140300
0,140300
5,56292
0,56292
21,56292
0,81188
0,7552
13,616
0,616
8,616
20,147441
1,147441
0,147441
9,13475
0,13475
0,557
0,82702
15,205584
0,205584
0,10048
0,13183
0,944
0,1927
0,72559
9,7364
20,7364
1,7364
0,7364
13,2114
0,2114
0,1771
1,36643
0,36643
0,8619
0,50620
15,65759
0,1724
18,267935
0,267935
11,281957
22,281957
23,281957
0,281957
0,77950
0,44896
0,270946
9,2503
0,2503
0,9502
0,102899
0,101299
0,228161
0,74
0,8961
0,417859
0,27576
0,86834
8,17578
0,17578
1,673
0,673
15,6972
0,6972
1,6972
0,82700
0,10567
1,181533
0,181533
0,38055
1,671
0,671
0,49524
0,22
0,131631
0,591
14,591
16,591
1,591
0,172385
0,36658
0,51497
0,58574
0,18823
0,861
0,1911
0,49040
1,415
0,415
9,8871
0,8871
0,435
9,955
0,955
0,2133
9,1979
1,1979
0,1979
0,87827
23,87827
1,87827
0,1250
15,1250
1,324668
0,324668
10,324668
0,9471
1,70981
0,70981
0,10996
0,68724
0,2789
11,97020
0,97020
15,7459
9,7459
0,7459
0,42888
0,37834
0,75612
0,1895
0,1894
0,585
1,76170
0,76170
0,1893
0,49519
17,2395
16,2395
9,2395
12,2395
20,2395
0,12100
0,290595
0,98566
1,49047
0,49047
0,9619
10,308531
0,308531
22,308531
0,166424
0,1593
1,1593
11,254128
0,254128
15,254128
1,714
0,714
9,2024
0,2024
0,163
0,787
0,262500
0,2567
0,38745
0,40805
0,53182
0,41513
0,13700
0,262504
18,39254
0,39254
0,77931
0,1639
0,80274
1,1571
0,1571
8,120
0,120
9,10204
24,10204
1,10204
0,10204
0,8489
0,10588
0,2048
9,2048
9,1495
25,1495
20,1495
1,1495
0,1495
9,10137
0,10137
0,10198
0,286217
0,1635
0,9679
1,98
0,98
0,180
9,672
1,672
0,672
12,36557
1,36557
0,36557
5,36557
9,36557
0,869
16,280
0,280
0,11322
1,4982
0,4982
0,36955
0,18487
0,39451
0,27581
11,9268
0,9268
0,68718
0,10545
0,11688
0,76163
0,2059
1,2486
0,2486
26,2486
0,16523
0,116711
1,37710
0,37710
16,37710
12,37710
0,9946
9,1372
0,1372
0,106646
1,414
0,414
0,563
9,83542
22,83542
27,83542
0,83542
15,41216
0,41216
0,314
0,184315
0,9016
0,18162
16,138103
0,138103
9,257088
0,257088
10,257088
9,10214
0,10214
0,205775
15,11692
0,11692
20,22972
1,22972
0,22972
16,22972
0,227973
0,29193
0,1734
0,3131
12,3131
10,76758
22,76758
0,9408
0,9890
1,855
0,855
0,77953
16,18
0,37786
0,10501
0,57800
1,150689
0,150689
1,7980
8,7980
0,7980
0,12
8,122
0,122
8,121
0,121
10,68737
11,68737
0,68737
1,68737
0,1995
10,157353
1,157353
0,157353
0,331
0,61791
0,8204
0,47964
0,10733
0,9806
16,1408
9,1408
12,1408
0,1408
11,32657
0,32657
0,607
0,863
0,44048
0,5175
0,2655
0,22794
0,8355
0,116745
0,4327
22,1422
0,1422
0,10674
0,7446
1,7446
9,7446
28,65754
29,65754
0,65754
0,1572
9,10528
1,10528
0,10528
0,271969
0,10865
0,258509
9,2253
0,2253
0,10661
0,257344
0,644
0,10756
0,686
9,9383
0,9383
16,179
9,179
1,179
0,179
0,76285
0,1996
9,1996
13,1996
1,1996
11,291805
10,291805
1,291805
0,291805
0,10003
1,1535
0,1535
0,2067
0,46195
9,2277
0,2277
0,10357
0,4477
11,8665
9,8665
1,8665
0,8665
0,9387
0,921
1,49852
26,49852
0,4464
0,664
0,8358
15,9836
9,2502
0,2502
9,9772
0,9772
0,161
0,52451
9,52451
16,52451
1,52451
0,76492
0,4523
0,59961
0,10481
0,59108
1,1581
0,1581
0,9798
0,22897
0,298
0,7484
0,157350
24,853
0,853
9,853
1,853
0,10159
0,9593
0,1904
13,9615
0,9615
0,51052
0,297
0,9884
0,16858
0,62764
0,22538
11,22538
0,9341
11,9341
9,9341
0,12107
0,9637
30,49049
1,49049
0,49049
18,49049
0,9339
0,16281
0,39691
15,39691
11,8247
0,8247
9,11253
0,11253
0,1949
0,8452
0,310
0,27578
0,954
0,70160
0,45243
1,364
0,364
0,7518
0,11544
9,9986
0,9986
0,8656
11,146216
16,146216
0,146216
0,9291
0,55301
0,109418
11,11665
31,11665
0,11665
0,6964
0,11324
0,12193
0,9928
0,754
0,10202
0,4147
0,50546
0,1701
0,13027
9,13027
0,2289
1,2289
32,2289
12,2289
0,20504
0,9574
0,11618
0,2300
0,12096
11,10200
0,10200
0,8834
1,228150
0,228150
10,228150
0,6068
0,41515
8,41515
0,9023
0,38317
0,2157
0,14462
0,161795
0,159824
0,49948
0,2135
0,9822
15,9705
0,9705
33,1656
0,1656
8,12159
0,12159
0,9678
5,4442
1,4442
0,4442
0,75
17,330770
16,330770
20,330770
0,9433
0,19959
0,11973
0,11228
15,77951
18,77951
1,77951
0,77951
0,5491
9,10715
0,10715
12,10197
0,10197
0,9562
0,9922
15,9447
0,274854
15,8870
0,8870
16,9992
16,36970
34,36970
20,36970
35,36970
5,10077
9,10077
1,10077
0,10077
11,76649
9,76649
0,76649
18,293644
33,293644
0,453
0,8587
0,72545
0,109451
9,9533
0,9533
0,2023
25,2023
0,71880
0,584
16,309809
0,4858
15,4858
9,17711
0,17711
0,328111
5,8698
9,8698
1,8698
0,8698
0,93456
0,602
0,330
0,953
1,9693
0,9693
0,36657
9,8909
0,8909
0,9802
0,950
0,1824
1,2976
0,2976
0,11026
0,332
0,75656
16,75656
0,38365
0,594
0,15189
8,11678
36,11678
0,11678
0,6538
0,10555
0,1125
0,4551
11,612
0,612
16,612
0,9567
0,37821
0,203801
0,2539
0,9297
0,3172
0,6520
37,1439
0,1439
0,37958
9,2026
0,2026
0,7450
0,11375
0,9425
0,25769
0,23685
0,11866
0,9741
0,211672
0,23629
11,8688
0,8688
0,10153
38,153518
0,153518
0,8676
0,20829
9,4349
0,4349
0,9718
0,10808
0,197
9,25
0,25
0,35
0,11086
15,10477
11,10477
0,10477
16,1997
1,1997
0,6947
0,3050
0,2675
0,809
0,920
0,4806
0,7451
0,228165
0,3595
9,16869
0,16869
0,879
0,1573
0,9257
0,1903
0,9697
11,395
5,395
9,395
1,395
0,395
0,23398
9,10590
0,10590
0,117263
0,200
0,44943
0,587
0,10395
0,57212
9,152760
0,152760
0,2756
0,33909
0,49017
0,9882
39,2270
1,2270
0,2270
0,978
0,44564
0,3132
5,8814
9,8814
1,8814
0,8814
0,8427
0,52520
0,80585
0,10592
15,49021
0,49021
9,11535
13,11535
0,11535
9,10550
0,10550
40,11258
16,11258
8,11258
1,11258
0,11258
0,12610
18,59981
0,59981
0,201088
1,5137
0,5137
9,3093
1,3093
0,3093
0,107846
0,188207
0,4614
0,24021
9,11371
0,11371
0,20352
0,11517
0,214756
20,26428
0,9824
0,48988
0,9008
0,300673
0,12113
1,12113
0,38778
0,72331
1,1844
0,1844
11,846
0,846
1,9703
12,9703
16,9703
41,9703
0,857
42,136797
0,136797
1,136797
16,136797
0,3981
0,425
0,6171
18,72976
0,72976
15,603
0,603
0,568
0,9021
1,82695
0,82695
0,9489
0,12133
0,9342
0,41733
0,227306
0,5551
16,9350
12,9350
0,9350
0,9208
0,4244
0,1852
0,11820
0,76493
1,345
0,345
0,196867
0,256591
0,59962
0,36648
0,1880
16,9440
9,9440
13,9440
1,9440
0,9440
11,71679
16,71679
9,71679
0,71679
1,10483
0,10483
9,10483
0,11412
0,11983
0,6795
9,550
0,550
0,11170
0,9292
16,10783
0,10783
0,100241
15,100241
5,257
16,257
12,257
1,257
11,9947
0,9947
0,189
0,12618
39,253412
0,253412
1,253412
20,1427
9,1427
16,1427
0,818
22,16577
13,16577
0,16577
0,329
0,12160
0,9331
22,300168
10,300168
0,9072
16,3536
0,3536
0,9087
0,12177
1,12177
9,12177
0,12138
0,273248
0,9955
1,50359
0,1271
0,693
0,14306
0,497
0,11199
0,9982
0,210577
0,2501
9,2501
5,2501
1,710
0,710
9,2275
0,2275
0,37165
0,9837
0,10708
0,136400
0,10992
1,9654
0,9654
15,2642
0,2642
0,8916
0,19899
0,2119
0,9641
0,294254
0,38167
0,5994
0,39514
0,9563
0,547
0,1538
0,9334
9,9334
17,9334
0,11128
0,75780
15,8914
0,8914
0,13576
0,39538
21,39538
15,10628
0,10628
0,14836
0,8645
18,8645
16,8645
1,9509
0,9509
0,10067
0,9384
0,9279
0,1487
0,9422
0,77174
0,4824
11,9620
0,9620
0,9302
1,10199
0,10199
0,10771
0,3512
31,137094
0,137094
0,274479
43,267860
0,267860
1,267860
0,8078
0,7485
0,170687
0,6435
0,137106
0,10040
24,6278
1,6278
0,6278
0,82682
0,17610
0,22954
16,16995
1,16995
0,16995
9,16558
0,16558
0,9849
0,5820
20,16866
1,16866
0,16866
0,201
0,11775
0,87825
1,12201
0,12201
9,11015
13,11015
8,11015
1,11015
0,11015
15,9932
0,9932
0,13389
0,8838
0,17332
0,4958
0,786
1,9513
0,9513
0,11679
0,38321
0,14411
1,8413
0,8413
9,10052
0,10052
16,9676
9,9676
0,9676
1,9664
0,9664
0,2100
35,10384
0,10384
0,137321
0,123553
0,11260
0,9009
0,11374
9,2309
1,2309
0,2309
0,8285
0,210860
11,2312
9,2312
0,2312
9,9839
0,9839
22,381902
10,381902
0,13922
0,293660
0,9713
0,190859
15,257445
0,257445
0,9007
0,889
0,1370
9,4942
0,4942
0,347969
0,24438
0,116741
9,35791
0,35791
16,35791
11,35791
0,72431
9,1813
0,1813
0,87428
0,8840
0,10589
21,71676
0,71676
1,1722
0,1722
16,1722
11,10022
0,10022
0,11358
0,13
0,6477
0,1597
0,10530
1,1924
0,1924
0,9327
0,8488
0,10603
0,8273
0,109424
0,35056
0,8839
0,156022
0,7303
0,8963
0,1402
0,9315
0,8984
0,795
9,795
0,24
0,11353
0,393
0,9618
0,9374
22,8584
0,8584
0,2320
0,58224
10,1729
0,1729
0,175574
1,8077
0,8077
0,8818
26,8818
16,8195
1,8195
0,8195
9,10586
0,10586
1,116149
0,80035
0,10632
0,12117
0,1792
0,13260
1,72197
0,3580
0,12123
0,9566
1,9833
0,9833
1,4517
0,8202
0,16072
0,34314
0,19724
0,145220
1,14623
16,14623
0,42297
16,2841
1,802
0,802
0,10375
9,36586
0,36586
0,11321
35,70074
0,70074
12,242
0,242
0,9621
0,1819
1,8536
0,8536
0,8046
0,1717
9,479
0,479
0,9444
15,824
0,824
0,11456
1,261023
0,261023
0,3683
0,22803
0,285923
0,39437
0,1950
0,640
0,97630
0,9767
9,11631
1,11631
0,11631
0,32856
0,6519
11,8741
0,8741
0,49520
0,1850
16,524
0,524
1,26389
16,26389
0,11817
0,2123
9,9907
0,9907
0,9969
0,18239
0,808
0,38050
0,8367
0,9390
0,72105
0,2898
0,10312
0,109443
0,2022
0,37686
0,462
9,9919
0,9919
0,187017
0,628
0,10201
0,302699
0,9441
0,274167
0,224141
0,388
0,2112
0,10329
0,74465
1,13811
0,13811
15,13811
0,6877
0,10320
0,50646
0,8920
0,13673
0,60308
0,6950
16,225574
1,225574
0,225574
0,13836
9,752
1,752
0,752
22,6038
0,6038
0,9975
0,11451
15,12103
0,12103
0,60304
9,60304
0,2251
0,46529
0,231
14,300671
25,300671
0,300671
33,228326
0,228326
0,9754
15,9754
0,66
0,4421
0,2649
11,588
16,588
13,588
0,588
0,10393
0,71552
9,9631
0,9631
0,216282
0,306
0,928
0,205587
0,6623
1,1577
0,1577
9,1577
16,1577
11,1577
16,9801
9,9801
24,9801
1,9801
0,9801
0,2116
0,9624
0,14199
1,1907
0,1907
0,4599
9,22832
0,22832
0,10390
0,9879
0,38579
0,44603
0,11892
16,9691
0,9691
1,1248
5,1248
16,1248
12,1248
0,12220
0,72710
0,10782
0,9573
9,4959
1,4959
0,4959
0,10061
0,10386
0,421
0,316152
9,11615
1,11615
0,11615
0,13498
0,241554
1,2252
0,2252
11,2252
0,11968
16,10047
0,38319
11,69668
0,69668
0,9770
0,11212
0,10533
0,38363
21,38363
16,9923
1,9923
0,9923
0,11863
0,18501
0,109491
9,9275
1,9275
0,9275
0,329833
0,12634
0,10416
0,47327
11,15268
18,15268
13,15268
0,15268
0,10796
0,9548
9,18947
1,18947
16,18947
9,1900
0,1900
0,89
16,96724
1,96724
33,198184
30,198184
0,198184
0,9481
0,4547
0,6415
1,181283
0,181283
5,181283
32,181283
11,9896
0,9896
9,167
1,167
0,167
0,11232
0,1636
0,2148
0,5176
16,260346
0,260346
0,1389
0,9894
11,7504
18,7504
0,8592
0,913
0,11091
0,1368
31,593
9,5393
0,5393
0,9095
0,8874
0,11467
0,320
0,199
0,20533
0,10684
0,1624
1,325789
44,113464
0,113464
0,888
16,82675
0,4256
0,1493
0,88751
0,11130
0,9944
0,10731
0,7350
0,9869
0,4379
9,4379
0,146233
15,2034
0,2034
0,926
11,4248
0,4248
0,64328
0,36647
9,7214
0,7214
0,1537
45,9360
46,9360
0,9360
0,6282
1,508
0,508
0,9487
5,768
1,768
46,2636
0,2636
0,10478
0,27983
0,9981
0,7453
0,15045
15,7737
16,7737
9,7737
1,7737
0,7737
0,232672
0,17379
0,8987
0,11359
0,82525
9,9759
0,9759
16,9486
1,9486
0,9906
0,841
0,4688
1,4148
0,4148
0,2207
9,2207
16,9381
1,9381
0,9625
0,9304
11,20856
0,20856
0,5955
0,9899
15,9826
0,9826
0,21355
0,10858
9,11439
1,11439
0,11439
11,9457
0,9457
12,12412
0,12412
10,1494
22,1494
0,13184
0,2185
0,6639
0,38153
1,58233
22,58233
10,58233
0,116977
0,68734
0,5503
0,27573
0,819
0,1369
0,9623
0,10895
0,10935
0,834
1,228066
0,228066
0,711
0,10468
16,10027
1,10027
0,10027
0,11812
0,37233
0,37950
0,27582
0,64688
1,509
0,509
1,7443
0,5966
0,11066
0,136795
1,8095
0,8095
35,8095
0,87826
0,11560
0,25189
0,2637
0,18480
1,709
0,709
11,49730
0,49730
9,2749
0,2749
1,9607
0,9607
16,1830
0,1830
9,1830
10,79
0,54054
0,228967
8,46528
44,46528
16,27936
0,65
16,280391
0,9476
22,10610
0,10610
0,745
0,49527
0,73937
0,1885
0,168672
0,18240
11,10398
0,10398
0,165
16,240832
0,240832
0,216015
0,12279
0,1645
0,11007
0,193756
0,11287
11,259693
0,259693
0,37799
19,10184
0,10184
9,10184
0,4257
0,4234
0,196
0,257091
0,6114
0,24803
0,109410
0,1213
0,100042
0,9036
0,257211
0,323675
0,9361
0,1677
0,187
0,7461
0,16538
0,9889
0,820
0,11565
33,6073
0,6073
0,16996
0,193610
0,19912
18,296098
0,296098
9,296098
0,8007
0,32823
0,4380
0,11551
0,10336
0,11362
0,50348
16,48138
9,48138
1,48138
0,1124
0,227159
11,68179
0,68179
0,1579
1,708
0,708
0,34851
0,9930
0,1586
0,2044
9,9913
0,9913
0,71864
1,10761
0,10761
0,209451
0,11975
0,4970
0,11831
0,9096
0,440
0,11011
0,10641
0,11172
0,39513
1,39513
0,82687
0,41446
0,8224
0,10537
0,225886
9,10385
0,10385
0,55779
1,10154
0,10154
0,10647
9,11431
0,11431
0,8457
0,188161
0,8850
0,64685
0,38357
0,10060
11,11398
0,11398
0,1833
0,10391
0,8970
0,9306
1,11370
0,11370
9,11370
47,11370
1,12184
0,12184
0,1921
0,1683
0,203
11,11858
0,11858
16,62835
0,18937
0,13536
0,15556
15,10718
0,10718
0,11062
16,10802
0,10802
16,1887
0,1887
13,1887
0,6071
0,10461
0,80278
20,80278
0,12704
0,10315
11,16643
0,16643
16,2687
0,2687
16,194
9,194
0,11025
1,8849
0,8849
1,78698
0,78698
0,30943
9,9544
47,9544
1,9544
0,9544
0,24418
9,7288
0,7288
0,14655
1,24575
0,10366
9,19898
1,19898
0,4965
0,15074
16,56715
0,56715
1,1272
0,1272
0,72358
0,20542
16,266396
20,266396
1,266396
0,266396
9,9978
1,9978
0,9978
0,8271
0,10428
48,5353
0,5353
9,11934
1,11934
0,11934
10,14392
22,14392
16,19495
49,19495
44,110415
16,110415
5,110415
0,110415
16,77459
0,26486
0,9495
18,256040
0,24420
0,1257
0,62214
0,16320
9,8842
0,8842
1,9531
0,9531
0,64807
10,12289
0,11529
0,20943
0,9099
0,9488
0,193
10,44865
22,44865
0,55787
10,257932
16,257932
0,257932
0,10400
0,1957
0,10833
0,256961
0,5852
0,12312
16,622
50,622
20,622
0,11306
0,12508
0,25793
0,10534
0,1091
0,87421
0,10871
0,13503
0,13600
0,68722
47,14324
12,14324
16,14324
1,14324
9,14325
0,14325
0,299687
0,312221
0,23168
0,76494
0,4944
1,4944
16,4944
0,10488
9,96721
1,96721
0,334
0,23742
0,259694
0,62837
0,8966
0,8470
9,11001
0,11001
0,138832
31,16911
0,2163
9,36670
1,36670
0,36670
0,23048
0,227735
0,2155
9,8409
0,8409
0,222936
0,31908
0,10219
0,48171
26,48171
12,48171
0,782
0,75531
0,11802
0,9776
9,18785
0,18785
22,365222
0,817
1,268
0,268
0,943
0,22881
0,10054
0,51540
0,44264
0,350
0,152
0,109431
0,1598
0,8065
0,271718
0,11638
1,409
0,409
0,2118
0,11459
0,10806
0,9348
0,377
9,8843
0,8843
1,9313
0,9313
0,39486
0,1273
0,13920
0,50544
0,325133
15,140823
1,140823
0,140823
0,1883
0,89492
0,22949
0,12437
15,2959
0,2959
0,9957
0,11648
0,9366
16,1576
9,1576
1,1576
0,1576
0,609
0,5516
0,13051
11,13051
0,49530
0,34806
0,49022
0,11469
0,23479
13,11667
0,11667
16,423
9,423
6,423
1,423
0,2447
0,10066
0,2288
0,88794
32,13515
0,13515
15,11979
0,11979
0,169
0,8090
0,11622
0,3604
0,9541
0,94348
0,8197
0,336004
0,35019
1,35019
16,35019
0,10410
11,8836
0,8836
24,14442
1,14442
15,321741
0,321741
1,321741
0,59965
1,14175
9,11004
13,11004
1,11004
0,11004
0,11918
0,98357
9,10012
0,10012
0,49526
0,268920
1,9093
0,9093
0,119283
16,11823
1,11823
21,35169
0,35169
27,118957
15,118957
20,849
1,849
12,849
0,849
0,4515
0,18886
0,6575
0,6440
0,13496
1,18320
0,18320
11,22787
16,22787
0,22787
0,8967
51,37498
22,37498
0,37498
0,144336
9,9616
0,9616
11,13056
9,13056
0,13056
0,14113
0,285783
10,49478
0,49478
0,9726
0,20763
0,9702
9,9311
40,9311
29,9311
35,9280
16,9280
52,26843
0,26843
16,11876
0,22267
33,45958
20,45958
0,1969
16,1969
33,1969
0,310706
0,198663
0,239573
0,10436
0,1381
0,2162
0,127493
13,12429
0,228205
0,2900
0,21311
0,77875
1,192136
30,192136
0,18254
0,881
11,10877
0,10877
9,9600
0,9600
17,202575
0,202575
0,71469
31,71469
0,85446
0,326
0,10685
9,7220
0,7220
1,9763
0,9763
0,72387
9,12596
0,12596
0,1892
9,13460
1,13460
0,13460
30,13460
9,8055
0,8055
0,50647
0,10719
9,10719
0,9294
11,11888
0,11888
0,9647
0,9353
0,55721
0,109414
0,10307
0,11978
0,22907
0,87567
0,38322
11,45612
0,45612
0,7305
9,3594
0,3594
11,157841
16,157841
0,11519
0,59
11,59
9,59
16,9335
0,9335
13,12106
0,12106
9,11141
24,11141
1,11141
0,8649
11,31867
0,31867
44,10253
0,3587
0,124459
0,24662
0,32274
0,182
9,5494
1,5494
0,5494
47,5494
0,28
0,38073
0,2054
1,302156
0,302156
0,606
0,87502
16,698
1,698
0,698
1,120467
0,120467
9,120467
15,11313
0,11313
0,6488
0,10559
0,296099
0,8012
0,1574
0,9032
0,2770
0,862
0,1637
0,72570
0,27569
0,10637
0,1669
0,132363
9,9472
0,9472
0,2907
0,9273
0,9880
0,2925
0,807
0,17654
8,17654
11,17654
30,17654
0,11836
0,322
0,70
15,9535
0,9535
0,11036
0,6557
0,18126
9,16340
0,16340
0,10333
0,4476
0,22947
0,2755
11,82654
10,59967
0,59967
0,16300
15,9598
0,9598
0,82696
0,9870
0,8292
0,8780
0,9715
0,10521
0,10762
0,10096
20,59436
0,59436
11,227783
44,227783
0,4133
0,10207
0,172
0,21972
0,36593
16,707
39,707
1,707
0,707
1,533
0,533
0,6023
0,6439
30,6439
1,4347
16,4347
0,4347
0,37056
0,4105
0,76489
0,3933
0,9918
0,273481
0,307081
0,16871
0,293863
0,13156
0,41233
9,9266
0,9266
0,1262
8,4513
0,4513
0,22970
0,7278
0,9013
0,865
0,10776
9,50456
1,50456
0,50456
0,9823
0,59861
0,133805
0,12763
0,9766
0,14034
0,12244
0,109421
5,11137
0,11137
0,51162
0,10152
0,9452
0,239566
0,53113
0,9271
0,4474
0,184346
0,48340
15,48340
0,14846
0,72207
0,16232
0,43539
16,43539
0,9920
0,8978
16,8978
0,11702
0,18550
15,8869
0,8869
0,43347
0,3489
0,9701
0,2122
11,37707
16,37707
0,37707
0,10658
0,13150
9,13150
9,9042
0,9042
0,17813
0,11208
1,58151
0,58151
0,11400
47,10350
0,10350
0,28902
0,14164
0,76640
11,11058
0,11058
1,14844
0,14844
0,57089
0,1947
9,1947
11,8054
16,8054
1,8054
11,46829
12,46829
0,146238
11,9989
0,9989
0,9665
0,311
12,311
0,102362
1,11162
12,11162
47,11162
0,11162
11,6016
16,6016
24,6016
1,6016
0,17186
1,13967
0,13967
10,2008
13,2008
44,2008
9,9053
1,9053
0,9053
11,4512
1,4512
0,4512
10,76349
22,76349
17,31203
16,31203
0,265208
0,45610
9,50135
17,1874
30,1874
16,271331
17,215211
16,215211
12,215211
35,215211
0,215211
31,367961
1,10955
0,10955
12,10955
11,223702
0,223702
0,254470
9,69
0,69
0,4967
1,9449
0,9449
0,11499
0,4912
9,12771
0,12771
0,323676
1,12506
0,24071
32,11249
0,11249
9,9667
0,9667
0,812
0,277216
0,87
0,14444
11,2043
9,2043
0,2043
1,315664
0,315664
0,1428
0,562
0,15373
0,318846
0,26320
0,14292
0,924
0,2018
13,192577
0,9428
0,2832
0,137093
1,699
0,699
0,9778
13,8831
0,8831
9,9398
0,9398
0,112949
0,10439
15,3638
0,3638
1,23483
0,23483
0,62206
9,62206
11,62206
0,10577
0,218778
16,4348
1,4348
0,4348
0,78
22,78
1,78
1,11780
0,11780
16,192102
0,192102
0,2001
0,10383
35,11516
9,11516
20,11516
16,11516
12,11516
0,10025
11,15198
0,15198
0,23172
0,17834
0,10016
0,10317
0,58431
0,9746
1,13092
0,59859
1,59859
20,13495
11,254473
16,254473
1,700
0,700
0,4964
0,10024
0,13490
1,15927
0,15927
1,1259
0,5125
0,174
0,9583
0,9437
0,525
0,10188
0,63574
1,245
0,245
0,9825
9,186
0,186
0,9549
1,61891
9,61891
9,34584
0,34584
15,2666
0,2666
1,12783
1,13155
0,13155
0,42807
11,28355
0,28355
9,8080
1,8080
0,8080
0,5126
0,56288
0,303858
11,1613
1,1613
0,31582
38,16617
19,16617
1,16617
0,16617
0,8944
16,41488
1,41488
11,41488
1,37028
0,14560
0,10330
0,6957
0,1934
0,169917
0,951
0,10189
0,9454
0,2055
0,1551
1,5902
0,5902
0,11460
0,9358
16,134
1,134
0,134
0,22894
0,134374
0,1901
0,15028
0,11509
0,7445
0,17047
0,62838
16,2057
0,2057
26,70436
53,70436
20,70436
0,70436
9,16784
0,16784
11,8011
16,8011
1,8011
1,31640
0,31640
0,9092
9,2779
0,2779
0,316002
0,36355
0,238615
10,1985
9,1985
1,1985
0,1985
0,615
0,788
0,380
0,13223
9,13223
0,10523
16,8681
1,8681
0,8681
0,239571
0,619
0,424
18,50014
21,50014
0,50014
17,162903
0,162903
0,11024
5,208763
31,208763
54,208763
11,6466
12,6466
0,6466
12,254024
20,254024
1,254024
0,12589
0,7191
22,1497
0,1497
0,117
0,6977
0,168530
16,634
24,634
1,634
0,634
1,392
0,392
0,10327
0,88042
0,41630
0,11969
0,2085
1,794
0,794
11,9286
9,9286
0,9286
0,77877
0,1265
1,866
0,866
0,175555
11,75174
0,75174
0,11096
0,8699
0,769
11,10923
0,10923
16,11283
1,11283
0,11283
0,111
0,11676
16,746
10,746
1,746
12,746
0,77866
1,77866
16,77866
0,9416
0,7345
0,14317
0,20694
0,12277
0,9779
16,2140
0,2140
0,12620
0,14177
0,198185
0,227156
0,10735
0,11351
11,10030
0,10030
0,10623
0,590
0,9655
1,1268
16,1268
9,1268
0,11237
16,190955
0,190955
0,5123
0,4518
11,11932
0,11932
13,11165
0,11165
1,6116
0,57431
0,21724
0,278
15,9290
0,9290
0,11543
0,284536
0,152737
0,13374
11,13374
0,8976
9,319888
1,319888
0,319888
0,9469
0,1909
0,22971
0,34813
0,46261
15,46261
33,46261
0,10431
11,10431
0,8051
0,9352
9,10167
0,10167
13,17170
0,17170
5,18975
16,18975
9,18975
1,18975
0,18975
0,15487
0,22825
0,11152
9,11152
15,11152
0,1831
0,43931
0,10591
0,10861
0,12770
1,276907
0,276907
16,276907
0,10074
0,65055
24,10397
0,10397
0,200505
1,11954
0,60309
9,9787
0,9787
0,293646
55,293646
0,6978
16,133698
0,59440
24,1770
1,1770
0,10655
0,8988
15,15992
0,15992
0,17707
0,77883
11,77883
0,40001
0,64639
0,9903
0,21338
0,20766
0,19803
0,20309
8,9912
35,9912
13,9912
0,9912
0,9067
11,27360
0,27360
45,8338
11,8338
13,8338
0,168705
20,72113
16,72113
9,72113
6,72113
0,9729
0,94352
0,22256
0,12404
12,152742
0,11699
16,49953
17,49953
16,48034
0,39845
9,39845
16,25353
0,36696
31,36696
1,109091
0,109091
1,38543
0,38543
12,33157
31,33157
22,290864
10,290864
31,242166
0,242166
1,859
0,859
45,83770
16,83770
1,83770
0,83770
0,168
0,1246
0,4233
0,174751
0,184098
11,2069
0,2069
0,1788
0,11635
0,177
0,3600
0,2621
0,10358
9,10480
0,10480
1,10313
0,10313
0,18828
9,3558
0,3558
0,13476
0,10208
0,24961
0,20697
0,20761
0,70868
0,43593
9,6478
1,6478
0,6478
1,26672
20,45881
1,45881
16,45881
0,41283
13,4935
0,19908
0,10663
0,1891
0,9737
0,37137
0,9532
0,10316
0,2787
0,12658
10,152601
0,152601
0,10866
17,227707
1,227707
20,227707
0,21349
0,19150
24,70435
0,70435
0,580
0,9819
0,13579
0,20024
1,20024
0,2453
0,6973
17,11156
16,11156
11,354110
9,22215
1,22215
16,22215
1,11632
0,11632
10,30596
0,3021
0,957
15,256917
0,256917
0,251
0,544
0,11395
0,14635
0,13680
0,688
0,11090
18,783
1,783
18,228194
0,228194
21,228194
0,1642
0,10950
0,235260
9,277
26,277
1,277
0,277
1,8999
0,8999
0,11323
1,10445
0,11453
0,146239
16,205588
1,205588
0,10878
0,82650
0,10279
0,2294
0,2176
0,270487
11,19366
0,19366
0,204082
9,24100
19,24100
0,24100
9,1599
0,1599
0,5550
0,30379
0,42586
0,17709
17,287948
10,287948
16,287948
1,7548
19,9075
9,9075
1,9075
17,11661
16,11661
9,11661
13,11661
28,11661
32,11661
1,11661
0,11661
0,109513
0,12085
16,204922
29,204922
1,204922
0,38985
0,44113
16,21494
0,164457
0,4566
0,17795
0,1073
56,153158
20,153158
12,81836
20,81836
0,81836
0,10724
0,9473
1,2196
22,1499
0,1499
9,20857
0,20857
0,82693
9,1646
0,1646
0,44944
0,4108
16,4108
0,8456
0,7341
0,19255
0,10187
0,31005
16,49517
9,49517
1,49517
0,44857
21,50780
0,50780
0,16363
11,1946
16,1946
1,1946
0,85
0,772
0,840
0,9682
0,96
0,10678
0,274
0,8872
0,16290
32,16290
0,579
0,14405
0,138843
0,11637
0,226486
9,1584
0,1584
0,9312
0,12153
0,65057
0,8326
0,35690
0,76203
1,76203
0,13497
0,35688
0,162
0,296096
0,103370
0,1051
0,376659
35,10073
0,10073
15,16690
11,16690
0,16690
1,273895
0,273895
15,14873
0,14873
0,8968
0,9963
0,15655
11,21208
16,21208
9,21208
0,21208
0,272878
0,9760
11,314365
0,314365
0,13279
0,1975
0,33644
0,1649
0,9895
0,9570
1,27579
0,27579
0,16052
0,40264
16,1164
13,1164
33,1164
0,1164
0,239678
0,14359
9,3989
0,3989
0,76617
0,1710
0,4258
0,20391
0,10139
0,335778
15,9645
0,9645
0,55465
0,617
0,19904
0,48289
1,243
0,243
9,6933
13,6933
0,6933
0,17182
15,8848
1,8848
0,8848
0,38
0,38303
0,1266
1,107985
0,14043
0,19901
15,19901
0,34016
26,59860
0,59860
0,10069
15,9588
0,9588
0,12819
18,12819
0,9954
9,10115
0,10115
21,25132
0,25132
0,577
0,328387
0,12690
0,9945
0,539
0,13596
0,226857
0,13159
0,47941
0,526
0,22796
0,2355
0,5915
0,9842
16,61012
11,61012
0,755
0,13682
0,9089
10,9470
22,9470
0,18357
10,7979
0,7979
0,470
0,15644
0,9582
0,10642
0,22074
0,2428
20,290751
1,290751
0,290751
0,13805
0,4597
0,9414
0,63492
16,81796
0,10710
0,15092
0,11382
0,15005
0,8198
9,6963
0,6963
0,15070
0,12797
0,17134
1,41402
0,41402
13,18885
0,18885
0,4953
1,4953
1,10773
0,146198
0,2639
15,10563
0,10563
0,295964
0,5971
0,9716
0,11835
0,26171
9,31117
1,31117
0,31117
0,9074
0,14396
0,15673
0,42618
0,171274
16,24432
1,24432
0,24432
0,109417
0,13948
0,106747
0,10929
0,14220
1,46435
0,46435
33,256962
0,256962
35,48231
1,48231
9,48231
11,48231
0,3509
0,82684
11,12142
9,12142
0,12142
0,23367
16,10740
9,10740
0,10740
1,10740
21,241239
0,241239
11,14582
0,14914
0,3902
0,77948
0,21755
0,4960
13,128
16,14652
0,40932
15,16608
1,16608
0,334531
0,32316
0,7299
15,13405
10,13405
9,13405
0,19457
0,112937
16,314385
0,314385
13,8953
0,29078
0,46503
0,10448
22,13688
16,10353
0,43935
9,11458
0,11458
0,44638
11,241257
20,241257
10,14538
22,14538
44,14538
11,13250
1,13250
0,13250
30,133931
18,280871
0,239897
57,184341
0,184341
1,334074
0,334074
0,199373
11,14202
10,14202
0,14202
5,6968
16,6968
9,6968
1,581
0,581
0,52449
0,12150
11,11247
0,11247
0,4232
11,9378
0,9378
0,694
1,694
0,105
0,11377
0,26367
0,385383
0,41210
9,12090
0,12090
19,62630
17,62630
1,16110
0,16110
0,29427
13,129
22,244114
10,244114
0,2669
1,2669
9,203833
0,203833
0,13523
24,25195
0,25195
0,17277
0,50725
9,50725
0,82631
0,73191
0,22479
0,340611
0,10065
0,2757
11,11683
16,11683
0,11683
22,244339
10,244339
0,1878
0,23082
0,195589
0,854
0,2280
0,496
0,8835
0,157
0,8643
0,10402
0,218043
0,9043
0,21301
9,10147
0,10147
9,816
0,816
11,302688
0,302688
0,60307
0,106
0,279
0,8617
0,10625
12,10934
0,10934
9,5279
1,5279
0,5279
0,10013
0,194662
0,160588
16,9829
1,9829
0,9829
0,10028
0,10535
0,790
0,43959
0,10364
0,16991
0,9610
0,1578
11,25643
1,25643
0,25643
0,11904
0,28665
1,44115
0,44115
0,10569
0,10560
0,333348
0,20483
0,11457
0,321697
11,19840
0,19840
0,22327
0,38665
24,2575
0,2575
0,11644
43,146227
0,146227
16,68924
0,68924
0,253235
0,22102
0,10068
1,848
1,36811
9,36811
31,36811
0,522
0,130150
31,12246
9,12246
49,12246
1,13809
22,27380
0,27380
1,10549
0,10549
15,33870
0,245703
1,10739
19,10739
16,10739
15,127560
1,127560
58,37903
16,37903
9,37903
12,37903
0,10017
11,10017
0,11468
0,193613
9,17436
0,17436
16,43434
9,43434
16,31166
22,31166
24,31166
20,31166
1,31166
0,69848
33,69848
20,69848
0,8408
13,8408
0,332411
16,9389
1,9389
47,9389
19,9626
0,9626
20,75638
0,75638
0,8363
0,15670
11,290555
16,290555
0,8328
0,10982
11,205
1,205
0,205
12,205
30,205
16,1620
0,1620
0,175541
0,241254
0,31932
20,1933
0,1933
16,1933
12,1933
1,679
0,679
0,11113
0,3597
0,193893
0,9675
0,9988
0,948
0,21765
0,146304
16,7516
1,7516
0,7516
11,41439
0,41439
0,2752
16,2752
1,2752
0,9429
0,38117
16,9792
0,9792
0,13778
0,228203
0,41382
0,13960
0,114150
0,26602
0,10223
0,16028
0,15639
0,16112
0,26390
0,27759
0,109428
59,23049
0,23049
0,9310
1,11411
0,11411
11,16988
16,16988
0,16988
9,7304
0,7304
0,24747
1,58048
5,1491
0,1491
0,2989
24,10629
1,10629
0,10629
17,255343
16,255343
20,255343
9,4723
0,4723
16,4723
16,10800
0,25763
0,79694
0,4032
0,18615
0,10673
1,4584
0,4584
1,2977
0,2977
0,10760
0,11093
0,207
0,8467
0,639
0,24226
0,9285
0,14709
17,74643
16,74643
0,13788
0,83666
0,10781
0,318850
0,13908
20,1417
0,1417
33,1417
15,39180
0,39180
0,16161
0,49950
0,10956
0,9594
1,4638
0,13972
0,5038
20,5038
29,13491
0,10571
9,10994
0,10994
0,19994
0,25166
0,30890
0,23169
0,17403
0,12120
0,9800
0,1090
0,18475
0,40160
0,18074
0,9689
0,9781
1,8009
0,8009
0,3877
0,8854
0,152599
10,18840
9,18840
31,18840
1,18840
0,18840
1,68727
16,68727
0,12657
16,8265
9,12410
1,12410
11,34647
16,34647
9,34647
12,34647
0,73935
1,28178
0,28178
30,185567
16,185567
16,264656
0,264656
0,35696
11,16351
16,16351
0,38717
0,18777
13,2110
16,2110
11,9035
0,9035
0,90
0,771
0,12154
0,9576
0,744
10,146
22,146
23,146
0,146
0,14
1,45269
0,9493
0,22556
0,873
44,33196
1,205596
0,10765
0,16769
1,33217
0,33217
20,132232
11,132232
0,11153
0,208134
16,1165
12,1165
1,1165
0,1165
0,4011
0,17202
0,9587
11,65086
29,65086
1,65086
0,10053
0,11870
1,11778
0,11778
0,586
0,18736
0,134411
21,134411
0,287903
0,9276
0,15765
0,2142
0,11397
0,77016
11,11478
0,11478
1,266856
0,13411
0,10564
1,947
0,24150
0,228970
0,18405
0,6961
0,11442
0,2493
0,14047
0,64690
9,11132
0,11132
0,17127
20,1562
1,1562
0,232679
0,17880
0,14736
0,9434
0,23706
0,11531
0,9100
24,116
47,116
31,116
1,116
0,116
0,38843
1,1245
0,1245
0,4995
0,10413
1,14012
0,14012
0,9793
11,12212
0,12212
0,13768
0,8975
0,342521
0,45272
15,9424
0,9424
0,97367
1,254904
0,254904
15,18681
11,18681
1,18681
0,12162
0,11495
0,64689
1,157849
0,157849
9,157849
0,13166
0,15511
0,37003
0,12211
0,13816
1,51828
0,51828
0,22798
0,7501
11,10743
9,10743
0,10743
0,37718
1,15237
0,15237
0,9686
0,17644
22,97430
0,97430
0,12257
0,13539
1,68
0,14024
1,115
0,115
0,7874
9,4911
1,4911
0,4911
16,1988
1,1988
36,1988
0,1988
0,16222
9,9557
0,9557
16,9026
1,9026
0,9026
0,18276
1,8321
0,8321
0,72359
0,10186
0,25704
21,133694
0,133694
16,19265
0,19265
0,36047
0,8053
16,8053
16,2290
26,2290
0,2290
0,5236
0,6552
16,1018
0,1018
32,10075
9,10075
1,10075
0,10075
0,38031
20,38031
1,42188
0,42188
9,6687
20,6687
1,6687
60,6687
0,13853
0,31306
58,8461
16,8461
9,8461
12,8461
1,8461
0,8461
0,331592
61,331592
11,47692
1,47692
9,19
16,10045
0,400
10,253450
16,253450
22,253450
23,253450
9,9104
1,9104
0,9104
31,11190
62,16353
16,23759
1,23759
11,24206
1,24206
0,10185
0,74536
58,31668
26,31668
9,13501
1,13501
0,13501
5,15208
26,15208
63,15208
1,15208
30,172391
20,262543
9,9288
1,9288
0,9288
12,370980
22,20083
1,40880
0,137
0,264999
0,454
16,53457
0,288980
0,33
40,1951
16,1951
9,1951
12,1951
19,1951
29,1951
1,1951
18,12405
1,12405
0,12405
0,10998
0,114
15,9396
0,9396
0,319910
0,2604
0,864
0,14435
0,1931
1,691
0,691
11,9877
16,9877
0,9877
0,62008
0,12227
11,13824
16,71688
1,71688
0,15173
0,8291
0,13950
0,12158
0,11586
1,10008
0,10008
0,2830
0,12403
0,34563
0,14557
1,10368
12,10368
0,10280
0,12637
0,34152
18,14434
0,14434
0,11470
0,10741
0,24940
0,82679
16,2013
0,2013
0,1440
0,18041
15,28029
0,28029
16,1123
1,1123
0,1123
30,1123
0,14033
0,87729
11,16899
1,16899
0,41317
1,245700
16,37842
12,37842
16,9045
9,9045
32,9045
10,44092
23,44092
22,44092
0,16005
0,44754
11,23988
0,23988
0,43949
11,142
0,142
0,9603
0,10712
0,243938
9,10876
1,10876
0,10876
1,86838
0,25208
58,613
9,613
12,613
20,1913
16,1913
12,1913
1,97370
35,97370
0,97370
0,801
0,54518
0,44214
0,240
0,9816
0,10131
0,339984
0,8859
0,11967
0,239563
0,222899
0,4951
0,10985
0,9644
0,332567
11,1954
0,1954
0,15489
0,15250
0,22345
0,9448
0,38223
0,11186
0,136835
0,5876
1,264660
0,492
0,25462
0,238603
0,10691
13,1251
0,1251
0,5172
0,58680
11,264644
24,264644
11,14577
0,14577
0,11592
11,16406
16,16406
0,16406
0,19052
0,3682
0,9683
1,2084
0,2084
0,107811
16,2266
0,13074
0,144340
16,48217
11,48217
16,28211
0,28211
11,28211
0,47502
9,9950
0,9950
0,84892
0,24227
0,9672
1,44853
11,44853
16,44853
0,157544
1,59678
0,79777
0,158011
44,407887
15,17043
0,17043
0,8952
11,62204
16,62204
0,62204
0,13435
0,17187
0,319
9,59457
16,59457
26,59457
0,9504
0,37414
0,6217
0,26688
0,43867
0,6615
1,14574
0,14574
56,16
40,16
38,16
16,16
9,16
39,16
12,16
19,16
28,16
29,16
1,16
0,16
15,39780
1,39780
0,39780
0,21612
0,36691
0,23631
11,45324
24,12144
0,12144
44,11658
0,56601
0,9552
0,578
0,2105
17,126319
16,126319
47,126319
0,10136
0,67660
0,10611
0,154
0,3049
0,860
0,9281
0,75674
0,9762
0,3179
0,184
0,13335
0,76726
1,10269
0,10269
1,36819
0,17130
0,57214
0,11202
0,9357
0,13812
0,9030
0,19084
0,8386
0,10437
33,1360
0,1360
11,1360
0,101267
0,222935
0,10220
0,284296
0,31915
0,11601
1,205220
0,11354
1,16241
0,16241
15,14191
0,14191
0,286565
0,26710
0,129670
0,9059
0,34549
0,57157
0,1948
0,28353
0,46889
0,38093
0,14976
9,11027
0,11027
1,3635
47,3635
9,387
0,6020
1,122906
10,9550
22,9550
0,60599
0,227719
0,14299
15,12088
0,12088
0,14799
0,9466
0,7510
0,31246
0,61752
15,10944
0,10944
16,10362
0,10362
9,14778
1,14778
44,1255
0,45226
5,10212
1,10212
0,10212
0,8669
12,179144
0,16857
0,86825
9,844
22,844
10,844
16,844
12,844
11,8060
0,8060
30,15907
24,38448
0,38448
1,327
13,327
0,327
9,9260
0,9260
0,61337
15,61337
0,13079
0,89325
9,4170
0,4170
26,41508
9,41508
1,41508
64,41508
0,12479
10,44555
0,10133
10,21345
22,21345
13,61984
0,50601
15,26466
1,26466
0,345003
0,236751
1,107
0,107
0,357837
0,8913
13,13889
11,18530
9,18530
16,18530
1,18530
22,358451
10,358451
0,927
0,11
0,291870
12,907
0,907
45,206563
1,206563
0,11887
0,45317
0,12094
0,10377
0,249164
15,256092
11,256092
0,9942
1,10748
0,1817
0,10229
0,687
1,687
0,796
15,22804
11,22804
1,22804
0,22804
0,10156
0,12837
0,17708
0,13937
0,28932
0,31909
11,167073
24,167073
1,3175
0,3175
0,14369
0,16888
1,121826
0,10646
9,12149
12,12149
0,12149
1,304357
0,304357
9,11184
0,11184
0,766
11,20009
0,20009
0,1587
11,30973
1,30973
1,11109
16,11109
16,9027
1,9027
0,9027
0,63020
0,86829
16,86829
1,86829
0,11065
65,13888
0,42345
0,13994
9,1590
0,1590
1,62728
0,11917
12,45138
0,80271
15,4657
18,14395
1,24137
0,24137
24,190847
1,190847
20,11056
0,11056
0,62
1,62
0,601
0,13067
11,25379
0,88641
18,58051
11,14877
33,96399
16,304410
11,489
0,489
0,373314
0,214
0,10890
0,1588
16,316727
0,316727
0,10314
0,663
11,11804
1,11804
0,11804
0,16781
0,11873
0,9289
0,10414
13,1970
0,1970
0,9614
9,8922
0,8922
0,1648
1,17917
21,74534
1,74534
0,74534
0,19405
15,9355
0,10999
0,321258
10,321258
11,321258
0,44040
0,10426
11,280092
0,280092
0,13938
1,10163
13,10163
0,10163
0,12182
0,1832
0,9034
0,15301
0,10135
0,26352
0,20616
0,9794
0,15037
0,227
0,294272
0,11336
0,283445
0,88036
0,10984
0,22824
0,9526
0,39349
0,15983
0,14544
0,11545
0,42684
1,268238
0,268238
0,8359
0,15648
0,41823
22,11891
0,11891
0,9362
9,9902
0,9902
0,14729
0,9455
0,103731
0,10090
0,164558
0,19905
0,17710
1,75900
9,9515
0,9515
0,27322
0,328425
0,14120
0,10050
0,1542
0,10490
11,87093
0,87093
0,10029
0,9893
0,11507
0,37931
1,3472
0,87818
0,13160
0,88005
0,52067
0,73
0,134597
0,24034
11,14283
12,14283
1,14283
0,404
9,13201
0,13201
0,209403
1,7942
0,73247
0,253331
0,34043
0,9952
0,256924
0,82532
12,41110
0,134371
1,2088
0,2088
0,10388
9,1640
0,1640
1,25520
16,25520
9,25520
0,25520
0,27342
9,13689
0,13689
0,67911
0,24664
0,329440
19,47890
0,47890
0,252512
0,55720
11,9613
1,9613
0,29076
1,29339
0,29339
0,68812
16,14195
0,14195
0,73567
0,41479
11,15394
1,15394
0,10071
10,1989
16,1989
22,1989
20,91076
0,91076
13,91076
12,12779
1,12779
43,13191
10,11770
22,11770
16,12703
13,12703
0,12703
16,64559
35,64559
0,222649
16,115872
12,115872
9,115872
20,115872
12,101173
66,101173
0,101173
17,25350
9,25350
0,25350
1,10034
0,10034
0,20178
1,5072
9,5072
26,5072
0,18191
0,31007
0,11546
33,184374
0,268171
0,78149
0,39037
0,22805
11,39055
15,245846
0,25186
0,15017
20,12245
16,12245
1,12245
15,49787
9,16358
1,16358
0,16358
11,7006
0,7006
11,66767
11,17622
1,17622
33,283671
44,283671
9,18516
64,18516
0,18516
28,217708
39,217708
1,42057
0,17577
11,14608
30,14608
1,14608
0,34417
44,15067
0,78383
11,43090
0,16614
0,9700
0,10471
11,250066
47,250066
1,667
1,208869
16,86837
58,86837
9,86837
0,10306
0,106845
0,11576
20,219
11,11827
0,22820
1,31174
0,31174
11,244316
0,244316
18,37737
40,62215
16,62215
9,62215
29,62215
15,66125
18,132316
0,348
1,348
0,30497
0,27586
0,14811
3,660
16,660
1,660
0,660
0,68684
12,40794
0,9400
0,16162
0,10585
0,2359
16,238636
0,238636
0,10472
0,11282
9,6521
1,6521
0,6521
0,14181
0,1621
11,9656
0,9656
0,16428
1,10705
0,8272
0,24621
0,1619
0,9685
0,14425
0,14624
0,10179
0,15568
0,14057
0,12621
1,1808
44,293670
0,67675
62,27329
12,29514
0,29514
16,250349
16,12454
1,12454
0,39806
15,15699
5,8883
40,8883
38,8883
16,8883
9,8883
28,8883
29,8883
0,17926
1,291081
16,41248
0,25968
15,9671
1,52010
1,11588
0,11588
9,11588
15,43418
16,71157
0,13483
44,333355
0,333355
11,327833
62,327833
0,327833
0,1547
0,25196
0,16323
0,175528
0,8069
0,71805
28,71805
29,71805
0,9451
18,16727
0,16727
0,272693
0,10696
0,150202
44,19644
1,29963
16,29963
15,29963
18,26022
0,26022
0,152747
24,1116
1,1116
9,1116
12,1116
20,1116
16,1116
17,1116
35,1116
18,185008
0,11620
0,14353
67,11818
0,680
0,11176
0,242582
0,11217
0,15121
0,2619
0,773
0,235
1,170
0,14114
0,10734
0,28121
0,40807
0,10885
0,225565
0,385736
1,11971
0,11971
1,668
0,668
0,11596
0,14429
0,13751
0,9490
11,14536
0,14536
11,1359
0,1359
19,9962
9,9962
0,9962
11,15049
0,22821
0,42819
0,209263
0,37735
0,59930
0,10873
0,51588
0,23570
0,19489
0,14629
1,8293
0,291270
1,44009
16,1958
12,1958
0,13154
9,26618
0,26618
0,43923
1,46138
24,45791
1,45791
0,26306
1,110683
17,26963
16,26963
24,26963
0,198277
0,7870
0,13072
1,153397
0,30141
1,17044
16,17044
11,10288
9,12183
0,12183
16,44147
1,44147
0,12192
0,13197
40,10913
16,10913
1,10913
16,251321
0,251321
20,251321
13,149
9,10425
0,10425
11,49081
0,256687
10,220488
9,1544
1,1544
0,1544
0,374461
16,302
1,302
0,182873
0,21512
15,21512
0,389425
0,403
0,29461
22,33542
16,283708
0,9388
0,1691
1,24684
0,24684
0,2610
11,11308
1,11308
0,11308
11,11022
0,11022
11,34341
0,15365
0,12569
0,24356
1,24356
1,2577
1,103903
1,73873
24,73873
0,312113
68,312113
18,14165
16,2011
0,2011
0,45650
9,7735
40,301365
16,301365
0,301365
1,25941
0,7326
11,326284
1,681
0,681
0,238
0,535
0,19913
8,713
15,713
16,713
0,77930
15,10727
0,10727
1,253
0,17908
16,8390
9,8390
1,8390
0,8390
0,57119
16,3291
13,3291
1,3291
0,3291
11,398
0,398
0,8068
0,10803
1,682
0,682
0,10117
1,9392
0,24977
0,79316
0,2074
9,1696
0,1696
0,308639
0,22314
0,2662
0,77156
0,12573
1,12573
16,12573
0,44718
0,11342
0,241771
0,34653
0,11051
11,11051
0,14578
1,57825
0,57825
15,9555
0,15581
1,13006
0,16651
18,4251
0,12400
0,39053
0,14112
0,12271
1,71859
0,71859
1,226354
0,226354
0,48620
11,33676
0,33676
20,37080
0,37080
1,25388
16,11687
0,39210
0,31535
0,44835
1,192134
0,1956
56,1956
9,24985
1,24985
0,306745
16,47088
0,47088
31,110402
0,27004
1,15013
30,15013
16,15013
11,8374
0,8374
10,277519
22,277519
0,78381
31,164372
0,294512
0,8879
11,13001
0,13001
0,9571
0,13649
0,334527
9,2211
9,13919
0,13919
0,14576
0,82505
11,46738
16,46738
12,38970
24,41009
1,41009
45,7347
0,250546
0,650
0,16620
0,25113
0,11033
0,34723
0,9430
0,8998
0,10514
0,10496
9,1591
1,76025
1,4836
0,14631
1,87499
0,87499
0,18923
1,26665
28,26665
29,26665
0,28089
8,62255
1,62255
13,5708
1,5708
0,5708
15,5708
1,218
0,218
9,338
1,21641
0,10925
0,2293
0,621
1,792
0,792
0,1777
0,642
0,433
0,16619
0,1725
0,11977
0,20322
0,16158
0,629
0,10160
0,11452
0,12163
0,32275
0,13785
0,1103
0,36739
0,14144
15,10622
22,10622
0,13370
0,11191
1,10215
0,10215
0,25066
1,1523
9,1523
0,1523
0,11361
0,92591
3,57612
1,57612
0,12509
0,15256
0,83686
0,80304
0,28053
24,67913
0,13991
0,1443
1,8545
0,19556
0,231576
0,16172
0,13403
0,15797
11,347764
0,347764
11,13537
0,13537
0,20794
0,31064
0,576
0,13990
1,11583
1,18602
11,18602
0,27549
0,59728
16,10930
0,32395
10,58882
0,7547
1,35944
9,35944
0,42222
0,13827
11,9282
0,9282
0,38940
20,38940
0,35689
16,97614
0,97614
11,37206
24,37206
0,58626
11,837
16,1555
0,244783
19,16564
17,16564
0,168027
16,3482
0,3482
0,135595
62,135595
62,8982
15,8982
1,89861
18,89861
18,455
9,455
1,455
0,455
0,14351
20,10664
0,9277
1,9443
15,7863
0,138697
0,11901
9,1548
1,1548
0,1548
11,11889
1,11889
0,33155
35,5528
9,5528
16,5528
11,321
11,4997
0,4997
0,925
0,27451
38,73532
16,73532
9,73532
16,979
13,193722
18,7913
0,253253
0,51995
0,13173
11,22908
1,22908
9,70670
28,70670
24,84204
1,84204
11,25248
1,230266
28,230266
0,16633
0,91586
0,215
0,333371
0,9012
0,345911
0,72571
13,242512
0,242512
0,10072
33,211954
0,82990
0,29912
1,11843
0,11284
0,504
0,173
0,227348
1,1955
0,1955
0,152532
0,243940
0,77
0,157547
0,2295
16,71
1,71
0,147773
0,16096
15,24266
0,16508
0,2895
0,15660
0,59968
11,323677
9,323677
0,19848
0,256274
0,235271
0,284293
0,24973
0,21610
0,10283
11,8346
0,8346
16,122081
0,122081
0,10987
33,1391
1,747
0,747
16,747
0,14745
0,26748
0,11357
11,24913
0,24913
0,13776
0,14854
11,50357
0,50357
0,13090
0,192141
0,16441
0,29996
0,351819
0,14834
0,22649
0,378200
13,20455
0,20455
0,13193
11,11042
16,11042
1,10786
0,10786
0,12484
1,17339
0,11959
0,9900
0,14662
12,335
20,335
0,335
0,15745
1,17431
0,21014
16,78394
1,78394
11,10217
16,46332
0,13996
0,3028
8,1024
0,343795
0,45658
0,16148
0,4553
20,4553
0,36351
0,245916
0,27585
19,1415
0,1415
0,313922
0,14474
0,199933
0,13685
0,8744
18,38428
0,8847
11,39269
11,46838
0,46838
0,56930
0,41730
11,18442
0,298312
0,11600
1,71547
9,71547
0,57876
20,77495
1,13849
0,14849
0,12486
0,244403
0,292481
0,340816
0,78814
3,297596
0,297596
69,299552
70,299552
1,299552
1,11935
0,11935
0,113406
0,447027
0,290825
0,361159
5,12555
63,12555
9,31175
0,12498
1,77949
0,1690
1,8435
0,64720
0,49365
1,11404
0,300706
0,16337
0,11577
16,77987
40,77987
29,77987
62,77987
0,77987
16,40185
0,68202
1,8981
11,10914
1,10914
0,10914
16,50848
11,166624
33,166624
0,10822
20,10822
16,10822
8,10844
0,9336
0,5689
1,712
0,13342
0,10339
0,1429
0,9303
0,641
0,27686
56,65749
20,65749
1,6106
0,6106
0,252680
0,141
19,17139
17,17139
0,12079
0,39800
44,4550
16,62116
1,9991
0,9991
22,13807
71,68818
16,68818
20,68818
1,68818
40,12093
29,12093
0,36419
18,281730
0,510
0,362105
0,10970
18,375290
0,17663
0,270938
1,116613
20,11826
1,11826
40,29920
29,29920
9,29920
8,1088
18,26379
35,34069
0,10947
11,47452
1,47452
31,3040
13,11386
1,11386
24,11386
0,10246
11,10246
11,29426
0,29426
0,10331
13,153
0,153
0,703
0,27191
0,1365
35,287424
0,287424
0,451
0,165864
0,987
0,241251
0,40494
0,39781
0,8337
0,5925
0,8357
0,146203
0,85350
1,512
0,13408
0,47816
0,10744
0,11536
0,9782
0,18713
20,6537
33,6537
0,184345
9,1809
0,1809
0,2370
0,9809
0,5
0,11013
0,19153
11,10132
0,10132
0,16448
0,15122
0,8141
0,1546
0,48572
1,14517
0,14517
0,89708
12,27551
0,27551
0,64678
0,309503
0,14293
1,15059
0,15059
16,103328
0,157847
1,25719
0,48309
15,27723
0,27723
33,242575
9,242575
0,44945
0,29122
1,125123
16,111190
15,111190
0,133575
20,54580
16,54580
12,54580
0,52015
0,34941
45,227975
9,227975
0,60422
1,81390
11,10981
31,225235
0,14902
11,121676
9,121676
30,121676
0,22301
0,257087
15,46420
0,114635
0,158150
30,251979
1,874
0,10774
0,770
25,266102
32,266102
21,266102
1,266102
0,29715
0,25209
1,37495
45,29262
11,34769
1,34769
0,34769
0,35032
40,5178
16,5178
39,5178
0,5178
1,8618
0,3116
1,9427
0,813
0,352978
0,10634
0,9516
0,16288
0,23330
0,18900
0,27029
0,26268
1,573
11,310131
0,310131
0,40505
0,11363
1,3033
0,3033
56,25376
20,25376
0,22007
0,765
0,10615
0,205321
33,89540
28,46146
0,38007
0,14256
0,540
0,370464
0,20055
0,224569
0,39303
0,142061
0,370662
43,252360
11,252360
0,256740
0,299145
1,241766
0,12535
16,1667
0,50839
0,13973
0,244786
45,598
16,598
1,11129
24,11129
0,75861
0,13551
40,103663
29,103663
0,850
11,850
33,12586
0,12586
11,11564
0,301748
1,108346
0,108346
16,8841
0,805
0,11697
0,22051
72,436
73,436
0,436
0,55347
0,10070
0,8469
1,658
0,658
11,125490
0,1585
1,627
0,23618
0,41436
16,10162
1,10162
0,10162
0,1430
10,259943
0,10014
1,11257
16,158015
0,158015
0,82507
0,20337
0,261
0,1685
11,20737
0,20737
13,10991
0,10225
1,826
0,826
0,34086
0,5854
0,284
0,10285
0,5780
0,292
8,223485
1,223485
0,29463
0,18065
0,22013
9,821
0,821
0,53862
0,3089
0,30139
59,132344
0,132344
0,15582
0,15158
0,44634
11,7509
1,10557
0,23531
1,28005
18,28005
0,28005
13,28005
9,28005
0,40247
0,252
0,24126
1,13982
0,13982
0,16642
0,17734
0,18892
0,549
45,121986
0,121986
30,868
0,10683
0,17995
0,246403
44,670
0,35691
0,49010
11,49010
0,11229
0,22488
1,24469
19,24469
0,82533
0,50942
0,84174
0,34099
0,79940
9,342
0,38033
0,100975
11,38541
9,38541
0,38541
1,234212
0,234212
0,27404
0,71866
45,192210
0,192210
0,180296
0,157058
0,70006
0,26039
0,79587
12,79587
0,176077
0,260947
0,342502
0,43213
0,44594
45,666
0,248
0,325173
0,351043
0,43942
16,10226
15,66942
0,356483
0,10476
0,239
0,10281
0,630
0,3034
0,13025
18,21461
0,55306
0,17264
18,346081
40,16016
0,15875
19,5900
0,43306
0,11072
0,9730
40,209274
16,209274
6,209274
1,209274
1,26371
0,14137
16,291
0,291
20,14139
10,33106
0,8875
0,872
0,72914
15,72914
0,139038
0,126509
0,9591
0,10676
0,1687
0,24748
0,181330
0,468
0,401
58,76
35,76
0,76
11,50538
11,25636
0,25636
0,19316
1,21074
18,21074
0,84329
11,20
20,20
0,157386
0,13007
0,13518
0,46849
18,17334
1,17334
0,17334
9,1698
33,20764
0,20764
0,45132
0,76706
0,254472
9,254472
0,332285
0,49471
6,13569
0,13569
0,7512
1,356216
1,11798
1,146631
0,43546
0,61038
0,78373
0,17820
11,283384
0,283384
0,19933
0,756
0,433715
0,9728
0,9731
0,9916
0,309425
0,14156
0,43610
37,360339
20,360339
0,360339
1,31163
0,297621
11,16205
0,887
1,9517
0,9517
16,9517
28,6007
0,364083
20,8329
1,347548
0,322443
1,657
0,28165
0,11561
0,270303
0,11624
0,595
15,8810
22,12207
0,226
16,92182
0,92182
9,582
0,72213
0,990
0,55604
16,9662
17,9662
11,9662
1,9662
11,20862
0,20862
0,2771
0,80
33,55
0,11023
0,33667
0,39013
1,11194
0,43839
0,1382
0,44639
1,301351
0,301351
16,301351
0,4816
0,7873
0,331190
0,15186
1,17994
0,17994
0,1378
64,8885
16,8885
9,8885
0,250124
1,14284
0,14284
0,57120
0,12228
0,22617
0,42889
16,10656
0,24363
0,13121
0,24746
11,12109
1,12109
0,27023
1,22913
0,273899
18,20653
0,20653
0,171759
0,206296
0,35219
0,28260
1,7515
0,7515
0,13075
0,335866
1,13510
0,215881
1,18238
30,22600
1,12612
24,12612
11,50698
0,50698
24,115210
0,34335
1,459488
0,11302
0,119458
22,119458
0,20406
0,3766
0,18616
0,18808
0,95755
0,198062
0,174311
9,12602
0,153795
1,17768
0,17768
0,13516
0,98549
0,312793
0,309919
0,299553
0,21309
0,32235
11,329540
20,26388
0,26388
16,26388
1,49020
0,49020
1,159037
0,159037
74,159037
16,12838
18,157293
1,14048
0,14048
8,356987
0,38358
16,38358
11,33511
1,33511
0,702
1,935
0,935
33,542
0,84175
0,1705
0,62677
0,50875
18,260778
0,58492
75,37232
1,37232
15,37232
0,4929
0,36334
0,9783
11,205126
0,98557
9,104
0,10894
11,246449
33,32579
0,32579
0,1688
0,1999
0,43947
0,24066
0,9709
18,191714
16,191714
9,191714
1,25312
0,25312
0,34106
0,11426
0,13909
0,206284
0,27455
76,7973
16,7973
20,283686
0,283686
73,283686
16,15976
64,15976
0,592
18,74084
16,1651
12,1651
0,298584
0,10758
0,11690
0,3083
0,9344
0,10707
0,15647
0,308529
0,4174
11,20156
0,9464
0,49018
11,49018
0,13820
56,18079
0,17113
0,129139
16,507
0,507
0,4012
0,14054
0,10972
0,13066
0,66025
0,11908
0,3082
0,1961
0,291362
0,30082
0,72913
11,23963
0,29406
11,104755
0,104755
1,104755
8,253306
0,29595
12,137347
6,137347
32,137347
0,137347
11,290370
0,356841
0,301325
0,347755
0,408
56,44413
12,44413
19,44413
20,44413
0,39209
9,39209
0,394047
11,312791
16,266034
0,280381
0,2661
1,100
0,218500
40,309
29,309
11,100275
40,100275
77,295914
11,42033
0,19187
18,46415
0,38570
0,27588
0,223
0,9725
0,28580
0,23730
0,46256
0,19997
0,43266
0,278316
0,1412
0,176
0,39939
78,357834
0,357834
33,215924
16,215924
18,480
0,14295
0,11219
0,20770
0,176124
0,500
0,60400
0,429
12,429
20,429
9,429
45,310569
0,98369
0,89750
11,89750
16,86331
0,15544
0,43884
11,107315
11,137955
0,13064
0,157422
0,7553
1,12877
0,39895
11,55616
30,29697
11,50037
79,94329
0,94329
16,94329
0,289
15,27374
18,26815
0,811
0,1366
28,244776
0,244776
1,5769
0,277685
0,103
0,11298
2,646
1,646
0,93856
1,9003
0,347126
0,10092
13,10643
0,46705
0,546
0,76487
0,5722
0,39833
0,1781
0,18712
1,7944
0,7944
11,171424
55,171424
0,171424
16,361475
1,361475
0,113947
0,18570
0,83860
0,41469
0,244772
0,50837
0,248774
0,10183
0,159014
0,32456
9,49963
1,49963
0,49963
0,13508
0,22597
0,9707
0,26791
18,56666
13,8675
0,8675
0,13132
0,47686
0,192132
64,24424
9,24424
1,13198
0,13198
0,244267
0,21413
40,123678
28,123678
1,123678
1,13362
80,62402
0,62402
8,201132
0,251471
40,251471
18,20296
0,25983
0,66195
0,16155
0,46727
0,55180
0,29015
0,18206
0,320146
0,13856
0,43630
0,56491
0,99826
33,186935
36,357441
0,19344
0,242083
0,18869
0,26673
1,41830
0,63287
0,335874
0,34592
20,258755
0,96534
0,21283
0,272724
0,84178
1,101179
11,269057
0,287524
0,206213
0,29146
0,207769
9,207769
0,271185
0,654
11,91070
0,91070
17,2009
32,2009
0,2652
0,9813
16,60421
81,60421
0,60421
0,157354
0,127867
0,3170
0,14014
0,15708
82,146882
16,146882
0,215918
0,84200
0,84184
0,45767
1,14823
0,367551
0,343409
81,60243
16,60243
1,57294
0,11446
0,47889
0,25461
9,905
56,78705
0,25212
0,26899
0,292483
28,14451
0,10105
0,211557
0,838
0,13158
0,84332
0,74510
1,74725
0,58428
12,8416
9,8416
16,8416
1,13429
0,9022
0,288
0,14275
0,2287
0,18734
0,26837
0,7859
0,302579
0,51955
0,158752
0,296943
0,118612
0,323967
0,3080
0,2667
0,9459
0,11598
0,181940
1,324322
16,375950
0,278348
1,704
0,75986
7,385636
0,14438
16,211086
18,211086
0,23069
0,83
0,89857
0,30315
0,14358
0,2056
0,41144
0,14271
0,16653
83,14757
24,14757
13,14757
0,23655
0,36825
0,12281
0,125052
0,30246
0,172533
0,180383
13,346
35,45145
16,45145
0,45145
0,13983
16,45649
84,45649
0,19844
0,21801
1,43933
0,73511
0,139715
10,45380
22,45380
16,30867
1,30867
0,30867
0,81220
0,253626
1,90369
0,117942
0,322194
0,98568
85,119657
0,380733
0,285743
0,362765
0,379532
0,253261
1,253261
0,15239
24,4107
1,4107
1,15624
0,15624
0,17287
0,3062
0,15389
29,464
0,8193
0,188166
0,23827
0,1282
1,762
0,64499
0,1435
0,189711
12,19204
0,9029
11,18045
1,11240
11,157909
0,157909
29,10238
0,3059
0,15800
0,65203
0,764
16,103620
0,103620
9,319069
64,319069
0,14278
0,25678
0,371690
0,389
0,52032
0,3078
59,38810
0,21525
0,55123
0,11980
16,11956
0,1550
0,26518
0,8942
0,68412
16,2786
12,2786
86,87943
1,87943
18,73981
35,73981
9,73981
0,91721
0,118452
0,13282
0,250184
0,324352
0,318040
16,318040
0,27420
0,80468
0,84188
0,2255
0,50035
0,14290
0,29371
0,44490
0,32222
18,32222
0,378237
11,431
15,76996
0,51942
0,1424
0,60420
1,142132
0,142132
0,20520
0,109729
0,78307
0,12247
1,29917
0,60463
0,24869
0,77934
0,34697
0,306667
0,274758
0,3060
0,40963
0,173224
1,18533
0,376010
0,139948
0,35073
15,9659
0,10218
12,391
9,391
20,391
0,43595
0,54897
0,83588
9,53256
0,40920
0,54702
0,176074
9,69270
0,69270
0,5759
0,402515
16,126141
40,48035
0,14758
0,13363
0,37985
0,36549
0,361398
0,289180
56,289180
0,288927
81,21334
1,79120
0,27995
0,253290
32,344466
0,55420
0,5822
0,39141
24,5723
0,28666
1,50497
0,354624
0,13187
0,335244
0,178862
0,331745
0,1779
0,282128
0,86812
0,84355
11,18632
16,40652
0,339408
0,266857
0,18925
0,299245
0,985
0,9821
0,18841
0,175291
11,80215
1,13538
0,51130
0,270554
29,72086
0,72086
0,268917
0,64973
0,473
0,90414
0,111794
0,360188
0,9372
0,85860
0,244534
0,33468
0,294086
0,74777
0,16388
11,159770
45,42109
0,47607
0,193603
0,322745
1,20981
0,242095
0,250902
0,158895
0,18292
0,125537
0,13963
0,290391
1,42151
0,2292
0,42497
0,33693
11,14585
0,14585
0,185465
11,38780
9,38780
0,14022
0,255266
0,17345
0,226458
87,287625
0,44990
0,692
1,39851
16,39851
11,39851
81,13898
24,157185
13,36095
0,182291
0,286939
0,124606
0,14337
33,9367
0,9367
0,231617
0,126186
10,126186
0,25975
